model,acc,auc,logloss
cat,0.813528865643059,0.9047052711343113,0.38515488547227733
lgb,0.8099624071345051,0.9018899408078284,0.3879783645664586
hist_gb,0.809042040350955,0.9019044864657715,0.3867036661517832
xgb,0.8084092943909804,0.9026699484269969,0.38458335063399085
extra_trees,0.8047273640459742,0.8935886578698528,0.40913747949001245
